id,entity,type,description,rank
1,小学,组织名称,小学是社区的重要组成部分，通常位于村庄或城市综合体中。它不仅是村里的重要设施，也是中山大学深圳附属学校的一部分。在合水口村和薯田埔社区等地，小学的存在为当地居民提供了教育资源。此外，小学被描述为公办学校的一部分，并且乐学乐考成效显著，显示出其在教育领域的积极影响。全村范围内普遍设有小学，而城市综合体也常常包括小学设施。这些小学不仅为孩子们提供了学习环境，而且在社会和社区发展中扮演着关键角色。,14
2,小学部,组织名称,"""{time: ""y2023m07d10"", place: ""公明镇"", event: ""华茂实验学校设有小学部"", other: """"}""<SEP>""{time: ""y2023m07d10"", place: ""公明镇"", event: ""华茂实验学校设有小学部"", other: """"}""<SEP>""{time: ""未知"", place: ""未知"", event: ""小学部是学校的一个部门"", other: """"}""<SEP>""{time: ""未知"", place: ""未知"", event: ""小学部是学校的一个部门"", other: """"}""",0
3,12所小学,人数,"""{time: ""未知"", place: ""公明"", event: ""公明有12所小学"", other: """"}""<SEP>""{time: ""未知"", place: ""公明"", event: ""公明有12所小学"", other: """"}""<SEP>""{time: ""未知"", place: ""未知"", event: ""2004年全镇有12所小学"", other: """"}""<SEP>""{time: ""未知"", place: ""未知"", event: ""2004年全镇有12所小学"", other: """"}""",2
4,中小学生,组织名称,"""{time: ""y未知"", place: ""未知"", event: ""中小学生参与文化活动"", other: """"}""<SEP>""{time: ""y未知"", place: ""未知"", event: ""中小学生参与文化活动"", other: """"}""<SEP>""{time: ""未知"", place: ""未知"", event: ""中小学生"", other: """"}""<SEP>""{time: ""未知"", place: ""未知"", event: ""中小学生"", other: """"}""",2
5,公办学校,组织名称,"""{time: ""未知"", place: ""未知"", event: ""公办学校包括中学、小学、幼儿园和成校"", other: """"}""<SEP>""{time: ""未知"", place: ""未知"", event: ""公办学校包括中学、小学、幼儿园和成校"", other: """"}""<SEP>""{time: ""未知"", place: ""未知"", event: ""公办学校数量为5所"", other: """"}""<SEP>""{time: ""未知"", place: ""未知"", event: ""公办学校是教职工的一部分"", other: """"}""<SEP>""{time: ""未知"", place: ""未知"", event: ""公办学校数量为5所"", other: """"}""<SEP>""{time: ""未知"", place: ""未知"", event: ""公办学校是教职工的一部分"", other: """"}""",11
6,光明小学,事件,"""{time: ""未知"", place: ""光明"", event: ""光明小学是优质中小学资源之一"", other: """"}""<SEP>""{time: ""未知"", place: ""光明"", event: ""光明小学是优质中小学资源之一"", other: """"}""<SEP>""{time: ""未知"", place: ""光明社区"", event: ""光明社区教育设施中的光明小学"", other: """"}""<SEP>""{time: ""未知"", place: ""光明社区"", event: ""光明社区教育设施中的光明小学"", other: """"}""",2
7,小学高级教师,个人姓名,"""{time: ""y2004"", place: ""未知"", event: ""2004年有小学高级教师"", other: """"}""<SEP>""{time: ""y2004"", place: ""未知"", event: ""2004年有小学高级教师"", other: """"}""<SEP>""{time: ""未知"", place: ""未知"", event: ""学校有小学高级教师"", other: """"}""<SEP>""{time: ""未知"", place: ""未知"", event: ""学校有小学高级教师"", other: """"}""",1
8,小学乐学乐考,事件,"""{time: ""未知"", place: ""未知"", event: ""小学乐学乐考成效显著"", other: """"}""",1
9,"小学,初中,高中教育",事件,"""{time: ""未知"", place: ""深圳市光明区"", event: ""深圳市光明书院提供小学、初中、高中教育"", other: """"}""",1
10,小学一所,组织名称,"""{place: ""薯田埔村"", event: ""小学一所位于薯田埔村"", other: """"}""",2
11,小学一级教师,个人姓名,"""{time: ""y2004"", place: ""未知"", event: ""2004年有小学一级教师"", other: """"}""<SEP>""{time: ""y2004"", place: ""未知"", event: ""2004年有小学一级教师"", other: """"}""<SEP>""{time: ""未知"", place: ""未知"", event: ""学校有小学一级教师"", other: """"}""<SEP>""{time: ""未知"", place: ""未知"", event: ""学校有小学一级教师"", other: """"}""",1
12,楼村小学,组织名称,"楼村小学是一所历史悠久的教育机构，其创办可追溯至1938年春季，当时学校位于陈美祖公祠。在1949年10月30日，楼村小学在公明地区复课。随后，在1959年，学校迁至仿裕公祠，并正式更名为楼村小学。进入60年代初期，楼村小学成为公明地区的一所重要小学。2002年，楼村小学被评为市一级学校，标志着学校教育质量的提升。学校位于光明区，并在公明镇通过市一级学校评估。此外，楼村小学曾是其他学校的借址地点。<SEP>""{time: '未知', place: '光明区', event: '存在', other: '组织描述'}""",28
13,小学教研室,组织名称,"""{time: ""y1996"", place: ""未知"", event: ""设立小学教研室"", other: """"}""",6
14,合水口小学,组织名称,"""{time: ""y1945"", place: ""公明圩旧街"", event: ""合水口小学是公明中心小学的前身"", other: """"}""<SEP>""{time: ""y1945"", place: ""公明圩旧街"", event: ""合水口小学是公明中心小学的前身"", other: """"}""<SEP>""{time: ""未知"", place: ""未知"", event: ""合水口小学是中心小学的前身"", other: """"}""<SEP>""{time: ""未知"", place: ""未知"", event: ""合水口小学是中心小学的前身"", other: """"}""",1
15,全国、省、市、区、镇小学生英语竞赛,事件,"""{time: ""未知"", place: ""未知"", event: ""全国、省、市、区、镇小学生英语竞赛是学校参与的竞赛"", other: """"}""",2
16,公明民办学校,组织名称,"""{time: ""未知"", place: ""公明镇"", event: ""公明民办学校是民办学校之一"", other: """"}""<SEP>""{time: ""未知"", place: ""公明镇"", event: ""公明民办学校是民办学校之一"", other: """"}""<SEP>""{time: ""未知"", place: ""公明镇"", event: ""公明民办学校表现出特点"", other: ""起步晚、速度快、收费低、校舍档次高、管理比较规范、发展相对稳定健康""}""<SEP>""{time: ""未知"", place: ""公明镇"", event: ""公明民办学校表现出特点"", other: ""起步晚、速度快、收费低、校舍档次高、管理比较规范、发展相对稳定健康""}""",27
17,小学项目,组织名称,"""{time: ""未知"", place: ""未知"", event: ""小学项目占地面积4万平方米，总建筑面积8.47万平方米，办学规模为84个班"", other: """"}""",4
18,宝安第七届中专、中小学生田径运动会初中组总分第一名,事件,"""{time: ""y2000m11"", place: ""公明镇"", event: ""公明中学在宝安第七届中专、中小学生田径运动会初中组总分中获得第一名"", other: """"}""",1
19,小班,组织名称,"""{time: ""未知"", place: ""公明镇"", event: ""小班是幼儿园的一个班级"", other: """"}""<SEP>""{time: ""未知"", place: ""公明镇"", event: ""小班是幼儿园的一个班级"", other: """"}""<SEP>""{time: ""未知"", place: ""深圳市光明区新湖新星幼儿园"", event: ""小班是幼儿园的一个班级"", other: """"}""<SEP>""{time: ""未知"", place: ""深圳市光明区新湖新星幼儿园"", event: ""小班是幼儿园的一个班级"", other: """"}""",1
20,中山大学深圳附属学校——小学足球场,组织名称,"""{time: ""未知"", place: ""未知"", event: ""中山大学深圳附属学校拥有小学足球场"", other: """"}""",0
21,513人小学一所,人数,"""{place: ""薯田埔村"", event: ""小学一所的学生人数"", other: """"}""",1
22,适龄儿童,组织名称,"""{time: ""未知"", place: ""未知"", event: ""适龄儿童是全镇公办学校的一部分"", other: """"}""",2
23,幼儿部、小学部、初中部,组织名称,"""{time: ""y2023m07d10"", place: ""公明镇"", event: ""华茂实验学校设有幼儿部、小学部、初中部"", other: """"}""",0
24,小型足球场,地理位置,"""{time: ""未知"", place: ""未知"", event: ""学校有1个小型足球场"", other: """"}""<SEP>""{time: ""未知"", place: ""未知"", event: ""学校有1个小型足球场"", other: """"}""<SEP>""{time: ""未知"", place: ""未知"", event: ""建设小型足球场"", other: """"}""<SEP>""{time: ""未知"", place: ""未知"", event: ""建设小型足球场"", other: """"}""",6
25,公明中心小学,组织名称,"""{time: ""y1945"", place: ""公明圩旧街"", event: ""公明中心小学成立"", other: """"}""<SEP>""{time: ""y1945"", place: ""公明圩旧街"", event: ""公明中心小学成立"", other: """"}""<SEP>""{time: ""y1960"", place: ""公明"", event: ""公明中心小学是60年代初期公明的一所小学"", other: """"}""<SEP>""{time: ""y2002"", place: ""未知"", event: ""公明中心小学创建市一级学校已完成功能楼和科学楼主体工程"", other: """"}""<SEP>""{time: ""未知"", place: ""公明粮所"", event: ""公明中心小学是东宝中学的隶属单位"", other: """"}""<SEP>""{time: ""未知"", place: ""公明镇"", event: ""公明中心小学通过省一级学校评估"", other: """"}""<SEP>""{time: ""y1960"", place: ""公明"", event: ""公明中心小学是60年代初期公明的一所小学"", other: """"}""<SEP>""{time: ""y2002"", place: ""未知"", event: ""公明中心小学创建市一级学校已完成功能楼和科学楼主体工程"", other: """"}""<SEP>""{time: ""未知"", place: ""公明粮所"", event: ""公明中心小学是东宝中学的隶属单位"", other: """"}""<SEP>""{time: ""未知"", place: ""公明镇"", event: ""公明中心小学通过省一级学校评估"", other: """"}""",20
26,下村小学,组织名称,下村小学，位于水贝村陈家祠堂内，是一所具有悠久历史的教育机构。该学校的前身是东宝中学，这一历史渊源在1945年2月得到了确认。随着时间的推移，下村小学在1995年9月接收了西田小学，进一步扩大了其教育规模。学校建筑位于下村的三组农家祠堂内，这些祠堂建筑始建于清代，至今仍由下村小学管理和使用。作为教育机构，下村小学不仅是李松蓢小学的上级学校，还承担着传承和发扬教育文化的重任。,41
27,大队办,组织名称,"""{time: ""未知"", place: ""未知"", event: ""小学下放大队办"", other: """"}""",1
28,小学生,未知,"""{time: ""未知"", place: ""未知"", event: ""小学生"", other: """"}""<SEP>""{time: ""未知"", place: ""未知"", event: ""小学生"", other: """"}""<SEP>""{time: ""未知"", place: ""未知"", event: ""小学生参与世界地球日活动"", other: """"}""<SEP>""{time: ""未知"", place: ""未知"", event: ""小学生参与世界地球日活动"", other: """"}""",1
29,中山大学深圳附属学校——小学羽毛球场,地理位置,"""{time: ""未知"", place: ""未知"", event: ""中山大学深圳附属学校小学羽毛球场是一个地理位置"", other: """"}""",2
30,8.47万平方米,面积,"""{time: ""未知"", place: ""未知"", event: ""8.47万平方米是小学项目的总建筑面积"", other: """"}""",1
31,等级学校,组织名称,"""{time: ""未知"", place: ""公明镇"", event: ""公明镇以创建等级学校为手段"", other: """"}""<SEP>""{time: ""未知"", place: ""公明镇"", event: ""公明镇以创建等级学校为手段"", other: """"}""<SEP>""{time: ""未知"", place: ""公明镇"", event: ""等级学校是教育现代化和信息化的一部分"", other: """"}""<SEP>""{time: ""未知"", place: ""未知"", event: ""创建等级学校"", other: """"}""<SEP>""{time: ""未知"", place: ""未知"", event: ""等级学校是全镇公办学校的一部分"", other: """"}""<SEP>""{time: ""未知"", place: ""公明镇"", event: ""等级学校是教育现代化和信息化的一部分"", other: """"}""<SEP>""{time: ""未知"", place: ""未知"", event: ""创建等级学校"", other: """"}""<SEP>""{time: ""未知"", place: ""未知"", event: ""等级学校是全镇公办学校的一部分"", other: """"}""",4
32,读小学不出村，读初中不出队,事件,"""{time: ""y1970"", place: ""未知"", event: ""70年代读小学不出村，读初中不出队的影响下，许多人报附近初中班"", other: """"}""",1
33,公立小学,组织名称,"""{time: ""未知"", place: ""光明区"", event: ""公立小学是光明区的教育设施"", other: """"}""",1
34,东周小学,组织名称,"""{time: ""未知"", place: ""光明区"", event: ""东周小学是光明区的公立小学"", other: """"}""",1
35,李松蓢小学,组织名称,"""{time: ""y1988"", place: ""李松蓢村后山顶东侧"", event: ""李松蓢村后山顶东侧征地兴建新校，改名为李松蓢小学"", other: """"}""<SEP>""{time: ""y1988"", place: ""李松蓢村后山顶东侧"", event: ""李松蓢村后山顶东侧征地兴建新校，改名为李松蓢小学"", other: """"}""<SEP>""{time: ""未知"", place: ""未知"", event: ""李松蓢小学是学校的分教点"", other: """"}""<SEP>""{time: ""解放后"", place: ""未知"", event: ""李松蓢小学成立"", other: """"}""<SEP>""{time: ""未知"", place: ""未知"", event: ""李松蓢小学是学校的分教点"", other: """"}""<SEP>""{time: ""解放后"", place: ""未知"", event: ""李松蓢小学成立"", other: """"}""",20
36,李松蓢学堂,组织名称,"""{time: ""y1964m01d01"", place: ""未知"", event: ""李松蓢学堂改名为松西小学"", other: """"}""<SEP>""{time: ""y1964m01d01"", place: ""未知"", event: ""李松蓢学堂改名为松西小学"", other: """"}""<SEP>""{time: ""未知"", place: ""李松蓢村"", event: ""李松蓢学堂是李松蓢小学的前身"", other: """"}""<SEP>""{time: ""未知"", place: ""李松蓢村"", event: ""李松蓢学堂是李松蓢小学的前身"", other: """"}""",2
37,12所中小学,组织名称,"""{time: ""未知"", place: ""未知"", event: ""12所中小学是核酸检测覆盖范围"", other: """"}""<SEP>""{time: ""未知"", place: ""未知"", event: ""12所中小学是核酸检测覆盖范围"", other: """"}""<SEP>""{time: ""未知"", place: ""未知"", event: ""对辖区12所中小学进行清扫保洁及消杀"", other: """"}""<SEP>""{time: ""未知"", place: ""未知"", event: ""对辖区12所中小学进行清扫保洁及消杀"", other: """"}""",1
38,全国小学英语竞赛,事件,"""{time: ""未知"", place: ""未知"", event: ""杨秀连、陈洁宣、卢照坍同学在全国小学英语竞赛中获奖"", other: """"}""",0
39,小学语文和数学毕业考试合格率,事件,"""{time: ""未知"", place: ""未知"", event: ""小学语文和数学毕业考试合格率"", other: """"}""",1
40,小学组80米波段团体第一名,事件,"""{time: ""y2004m07"", place: ""全国"", event: ""学校无线电测向队获得80米波段团体第一名"", other: """"}""",1
41,6个教学班,人数,"""{time: ""未知"", place: ""公明镇"", event: ""塘尾小学当时有6个教学班"", other: """"}""<SEP>""{time: ""未知"", place: ""公明镇"", event: ""塘尾小学当时有6个教学班"", other: """"}""<SEP>""{time: ""未知"", place: ""原村委内"", event: ""上村小学最初有6个教学班"", other: """"}""<SEP>""{time: ""未知"", place: ""未知"", event: ""6个教学班是学校的班级数量"", other: """"}""<SEP>""{time: ""未知"", place: ""未知"", event: ""学校的教学班数量"", other: """"}""<SEP>""{time: ""未知"", place: ""原村委内"", event: ""上村小学最初有6个教学班"", other: """"}""<SEP>""{time: ""未知"", place: ""未知"", event: ""6个教学班是学校的班级数量"", other: """"}""<SEP>""{time: ""未知"", place: ""未知"", event: ""学校的教学班数量"", other: """"}""",2
42,中心小学（现公明粮所）,地理位置,"""{time: ""y1969m09"", place: ""中心小学（现公明粮所）"", event: ""公明中学复办时的校址"", other: """"}""",0
43,新美小学,组织名称,"""{time: ""y1986"", place: ""未知"", event: ""红卫小学改名为新美小学"", other: """"}""",2
44,84个班,人数,"""{time: ""未知"", place: ""未知"", event: ""84个班是小学项目的办学规模"", other: """"}""",1
45,塘尾小学,组织名称,"""{time: ""y1988m02"", place: ""公明镇"", event: ""塘尾小学于1988年2月兴建"", other: """"}""<SEP>""{time: ""y1988m02"", place: ""公明镇"", event: ""塘尾小学于1988年2月兴建"", other: """"}""<SEP>""{time: ""未知"", place: ""未知"", event: ""塘尾小学是教育机构"", other: """"}""<SEP>""{time: ""解放后"", place: ""未知"", event: ""塘尾小学成立"", other: """"}""<SEP>""{time: ""未知"", place: ""未知"", event: ""塘尾小学是教育机构"", other: """"}""<SEP>""{time: ""解放后"", place: ""未知"", event: ""塘尾小学成立"", other: """"}""",22
46,培英学校,组织名称,"""{time: ""y2003m06d05"", place: ""宝安区"", event: ""培英学校是宝安县一级民办学校"", other: """"}""",3
47,公明中学,组织名称,公明中学是一所历史悠久的学校，起源于1945年，当时它是东宝中学的前身。1960年，学校更名为公明中学，并在同年9月正式命名于水贝村陈家祠。随后，在1975年，学校搬迁至红花山新校址，并在1976年9月迁至红花山现址。公明中学在1989年9月8日于公明镇举行了教师节庆祝大会，并在1993年参加了深圳市少年组田径比赛。同年，宝安县教育局在公明中学召开了德育工作现场会。1997年，学校接受了视察，并在2001年2月接受了广东省群体处领导的指导。 2002年，公明中学完成了省一级学校的主体工程，并开始建设文体楼。2003年，学校开办了“体艺”特色教育班。2004年10月，公明中学被评为广东省绿色学校。到了2022年7月2日，学校再次被评为市一级学校。此外，公明中学在公明镇设有校区，并曾通过国家级绿色学校初检和省一级学校评估。学校不仅是公明镇的一所中学，也是公社党委下辖的一个支部，是民办实事之一。作为一个组织，公明中学以最高分通过广东省一级学校验收。 在交通方面，有记录显示大客车曾专门接送中学生到公明中学。尽管部分描述的时间、地点和事件细节不明确，但整体上，公明中学在多年的发展中，不断壮大，成为了一所备受认可的教育机构。,79
48,中心小学,组织名称,"""{time: ""y2010m10d30"", place: ""未知"", event: ""中心小学建设教学楼"", other: """"}""<SEP>""{time: ""y2010m10d30"", place: ""未知"", event: ""中心小学建设教学楼"", other: """"}""<SEP>""{time: ""y2021"", place: ""广西百色市田阳区坡洪镇"", event: ""中心小学参与帮扶工作"", other: """"}""<SEP>""{time: ""未知"", place: ""未知"", event: ""中心小学由镇府主管"", other: """"}""<SEP>""{time: ""未知"", place: ""未知"", event: ""中心小学被评为市文明学校"", other: """"}""<SEP>""{time: ""未知"", place: ""未知"", event: ""中心小学被评为省一级学校"", other: """"}""<SEP>""{time: ""解放后"", place: ""未知"", event: ""中心小学成立"", other: """"}""<SEP>""{time: ""y2021"", place: ""广西百色市田阳区坡洪镇"", event: ""中心小学参与帮扶工作"", other: """"}""<SEP>""{time: ""未知"", place: ""未知"", event: ""中心小学由镇府主管"", other: """"}""<SEP>""{time: ""未知"", place: ""未知"", event: ""中心小学被评为市文明学校"", other: """"}""<SEP>""{time: ""未知"", place: ""未知"", event: ""中心小学被评为省一级学校"", other: """"}""<SEP>""{time: ""解放后"", place: ""未知"", event: ""中心小学成立"", other: """"}""",6
49,中英文学校,组织名称,"""{time: ""y1990"", place: ""公明"", event: ""中英文学校是90年代公明的一所优秀民办学校"", other: """"}""<SEP>""{time: ""y1990"", place: ""公明"", event: ""中英文学校是90年代公明的一所优秀民办学校"", other: """"}""<SEP>""{time: ""未知"", place: ""公明镇"", event: ""中英文学校是公明民办学校之一"", other: """"}""<SEP>""{time: ""未知"", place: ""公明镇"", event: ""中英文学校是民办学校之一"", other: """"}""<SEP>""{time: ""未知"", place: ""公明镇"", event: ""中英文学校是公明民办学校之一"", other: """"}""<SEP>""{time: ""未知"", place: ""公明镇"", event: ""中英文学校是民办学校之一"", other: """"}""",3
50,红卫小学（即后来的新美学校）,组织名称,"""{time: ""未知"", place: ""红卫小学（即后来的新美学校）"", event: ""在原白泥章土地上建红卫小学（即后来的新美学校）"", other: """"}""",0
51,小学文明礼貌每天讲,事件,"""{time: ""未知"", place: ""未知"", event: ""小学文明礼貌每天讲"", other: """"}""",1
52,广东省绿色学校,组织名称,"""{time: ""y2004m10"", place: ""公明镇"", event: ""公明中学被评为广东省绿色学校"", other: """"}""<SEP>""{time: ""y2004m10"", place: ""公明镇"", event: ""公明中学被评为广东省绿色学校"", other: """"}""<SEP>""{time: ""未知"", place: ""未知"", event: ""未知"", other: """"}""<SEP>""{time: ""未知"", place: ""未知"", event: ""未知"", other: """"}""",3
53,中山大学深圳附属学校——小学篮球场,地理位置,"""{time: ""未知"", place: ""未知"", event: ""中山大学深圳附属学校小学篮球场是一个地理位置"", other: """"}""",2
54,中小学校,组织名称,"""{time: ""未知"", place: ""未知"", event: ""中小学校位于街道"", other: """"}""<SEP>""{time: ""未知"", place: ""未知"", event: ""中小学校位于街道"", other: """"}""<SEP>""{time: ""未知"", place: ""未知"", event: ""中小学校周边50米范围内禁止销售烟草制品和电子烟"", other: """"}""<SEP>""{time: ""未知"", place: ""未知"", event: ""中小学校是公共服务办公室负责的对象"", other: """"}""<SEP>""{time: ""未知"", place: ""未知"", event: ""中小学校周边50米范围内禁止销售烟草制品和电子烟"", other: """"}""<SEP>""{time: ""未知"", place: ""未知"", event: ""中小学校是公共服务办公室负责的对象"", other: """"}""",4
55,塘尾村旧祠堂内,地理位置,"""{time: ""未知"", place: ""塘尾村"", event: ""塘尾村旧祠堂内是周家村小学的早期校址"", other: """"}""",1
56,马田小学,组织名称,马田小学是一所位于马田村的教育机构，成立于解放后。该学校在1969年首次被记录，当时它位于马田村。随着时间的推移，马田小学的地理位置有所变化，后来迁至马田街道。马田小学不仅是一所教育机构，还通过了区一级学校的评估，并被评为区一级学校。此外，该学校在未知的时间点成为了图书捐赠活动的地点和组织者，并在应急避难场所中扮演了重要角色。尽管具体时间不明确，但这些活动表明马田小学在当地社区中扮演着积极的角色。,34
57,中共公明镇民众学校,组织名称,"""{time: ""y2004m01d08"", place: ""公明镇"", event: ""成立中共公明镇民众学校"", other: """"}""",4
58,新湖街道楼村小学,地理位置,"""{time: ""未知"", place: ""新湖街道楼村小学旁"", event: ""新湖街道楼村小学是深圳市光明区新湖新星幼儿园的邻近地点"", other: """"}""",1
59,深圳市2000年中专、中小学田径运动会获初中组总分第一名,事件,"""{time: ""y2000"", place: ""公明镇"", event: ""公明中学在深圳市2000年中专、中小学田径运动会初中组总分中获得第一名"", other: """"}""",1
60,在校学生,人数,"""{time: ""未知"", place: ""上村"", event: ""市一级花园式小学在校学生1200人"", other: """"}""<SEP>""{time: ""未知"", place: ""上村"", event: ""市一级花园式小学在校学生1200人"", other: """"}""<SEP>""{time: ""未知"", place: ""未知"", event: ""全村有在校学生"", other: """"}""<SEP>""{time: ""未知"", place: ""未知"", event: ""在校学生是全镇公办学校的一部分"", other: """"}""<SEP>""{time: ""未知"", place: ""玉塘"", event: ""在校学生是参与作品创作的人群"", other: """"}""<SEP>""{time: ""未知"", place: ""未知"", event: ""全村有在校学生"", other: """"}""<SEP>""{time: ""未知"", place: ""未知"", event: ""在校学生是全镇公办学校的一部分"", other: """"}""<SEP>""{time: ""未知"", place: ""玉塘"", event: ""在校学生是参与作品创作的人群"", other: """"}""",8
61,初中部,组织名称,"""{time: ""y2023m07d10"", place: ""公明镇"", event: ""华茂实验学校设有初中部"", other: """"}""<SEP>""{time: ""y2023m07d10"", place: ""公明镇"", event: ""华茂实验学校设有初中部"", other: """"}""<SEP>""{time: ""未知"", place: ""未知"", event: ""初中部是学校的一个部门"", other: """"}""<SEP>""{time: ""未知"", place: ""未知"", event: ""初中部是学校的一个部门"", other: """"}""",3
62,升中考试,事件,"""{time: ""y1999"", place: ""未知"", event: ""学校在升中考试中连续多年保持全镇前三名"", other: """"}""",1
63,12个班,人数,"""{time: ""未知"", place: ""未知"", event: ""12个班"", other: """"}""<SEP>""{time: ""未知"", place: ""未知"", event: ""12个班"", other: """"}""<SEP>""{time: ""未知"", place: ""未知"", event: ""初中部有12个班"", other: """"}""<SEP>""{time: ""未知"", place: ""未知"", event: ""初中部有12个班"", other: """"}""",0
64,中考,事件,"""{time: ""未知"", place: ""宝安县"", event: ""公明中学创下了宝安县中考“十连冠”的辉煌业绩"", other: """"}""",1
65,中考体育,事件,"""{time: ""未知"", place: ""未知"", event: ""中考体育成绩在全区前列"", other: """"}""",1
66,八年级,组织名称,"""{time: ""y2020m09"", place: ""未知"", event: ""初中部有八年级"", other: """"}""",1
67,99.8%,百分比,"""{time: ""未知"", place: ""未知"", event: ""初中阶段入学率达到99.8%"", other: """"}""",0
68,中班,组织名称,"""{time: ""未知"", place: ""公明镇"", event: ""中班是幼儿园的一个班级"", other: """"}""<SEP>""{time: ""未知"", place: ""公明镇"", event: ""中班是幼儿园的一个班级"", other: """"}""<SEP>""{time: ""未知"", place: ""深圳市光明区新湖新星幼儿园"", event: ""中班是幼儿园的一个班级"", other: """"}""<SEP>""{time: ""未知"", place: ""深圳市光明区新湖新星幼儿园"", event: ""中班是幼儿园的一个班级"", other: """"}""",1
69,初、中级技术人才,组织名称,"""{time: ""未知"", place: ""未知"", event: ""学校是培养初、中级技术人才的机构"", other: """"}""",1
70,中学项目,组织名称,"""{time: ""未知"", place: ""未知"", event: ""中学项目占地面积2.7万平方米，总建筑面积7.37万平方米，办学规模48个班"", other: """"}""",4
71,全区前列,地理位置,"""{time: ""y2021"", place: ""未知"", event: ""2021年中考总平均分居全区前列"", other: """"}""<SEP>""{time: ""y2021"", place: ""未知"", event: ""2021年中考总平均分居全区前列"", other: """"}""<SEP>""{time: ""未知"", place: ""未知"", event: ""中考体育、英语听说在全区前列"", other: """"}""<SEP>""{time: ""未知"", place: ""未知"", event: ""片区二次开发研究进度位居全区前列"", other: """"}""<SEP>""{time: ""未知"", place: ""未知"", event: ""中考体育、英语听说在全区前列"", other: """"}""<SEP>""{time: ""未知"", place: ""未知"", event: ""片区二次开发研究进度位居全区前列"", other: """"}""",3
72,英语听说,事件,"""{time: ""未知"", place: ""未知"", event: ""中考英语听说成绩在全区前列"", other: """"}""",1
73,附近初中班,组织名称,"""{time: ""y1970"", place: ""未知"", event: ""许多人报附近初中班"", other: """"}""",1
74,市一级学校,组织名称,"""{time: ""y2022m07d02"", place: ""公明镇"", event: ""公明中学被评为市一级学校"", other: """"}""<SEP>""{time: ""y2022m07d02"", place: ""公明镇"", event: ""公明中学被评为市一级学校"", other: """"}""<SEP>""{time: ""未知"", place: ""未知"", event: ""市一级学校"", other: """"}""<SEP>""{time: ""未知"", place: ""未知"", event: ""市一级学校是全镇公办学校的一部分"", other: """"}""<SEP>""{time: ""未知"", place: ""未知"", event: ""市一级学校"", other: """"}""<SEP>""{time: ""未知"", place: ""未知"", event: ""市一级学校是全镇公办学校的一部分"", other: """"}""",7
75,深理工附属实验高级中学,组织名称,"""{time: ""未知"", place: ""未知"", event: ""深理工附属实验高级中学全面招生"", other: """"}""",1
76,初中组总分第一名,事件,"""{time: ""y2000m12"", place: ""未知"", event: ""学校在深圳市田径运动会中获得初中组总分第一名"", other: """"}""",1
77,中考文化考试,事件,"""{time: ""未知"", place: ""未知"", event: ""中考文化考试成绩可喜"", other: """"}""",1
78,中专,组织名称,"""{time: ""y2010m11d27"", place: ""未知"", event: ""宝安区中专、中小学田径运动会"", other: """"}""<SEP>""{time: ""y2010m11d27"", place: ""未知"", event: ""宝安区中专、中小学田径运动会"", other: """"}""<SEP>""{time: ""未知"", place: ""未知"", event: ""中专是教育层次"", other: """"}""<SEP>""{time: ""未知"", place: ""未知"", event: ""中专申请学费补贴"", other: """"}""<SEP>""{time: ""未知"", place: ""未知"", event: ""中专是教育层次"", other: """"}""<SEP>""{time: ""未知"", place: ""未知"", event: ""中专申请学费补贴"", other: """"}""",2
79,学校安全教育,事件,"""{time: ""未知"", place: ""未知"", event: ""学校安全教育"", other: """"}""<SEP>""{time: ""未知"", place: ""未知"", event: ""学校安全教育"", other: """"}""<SEP>""{time: ""未知"", place: ""未知"", event: ""学校安全教育是一个事件"", other: """"}""<SEP>""{time: ""未知"", place: ""未知"", event: ""学校安全教育是一个事件"", other: """"}""",1
80,全市平均水平,事件,"""{time: ""y2021"", place: ""未知"", event: ""全市平均水平是中考成绩的参考标准"", other: """"}""",1
81,中学,组织名称,"""{time: ""y2010m10d30"", place: ""未知"", event: ""中学建设风雨操场"", other: """"}""<SEP>""{time: ""y2010m10d30"", place: ""未知"", event: ""中学建设风雨操场"", other: """"}""<SEP>""{time: ""未知"", place: ""中山大学深圳附属学校"", event: ""中学是中山大学深圳附属学校的一部分"", other: """"}""<SEP>""{time: ""未知"", place: ""未知"", event: ""公办学校包括中学"", other: """"}""<SEP>""{time: ""未知"", place: ""中山大学深圳附属学校"", event: ""中学是中山大学深圳附属学校的一部分"", other: """"}""<SEP>""{time: ""未知"", place: ""未知"", event: ""公办学校包括中学"", other: """"}""",3
82,广东省一级学校,事件,"""{time: ""y2004"", place: ""公明镇"", event: ""公明中学被评为广东省一级学校"", other: """"}""<SEP>""{time: ""y2004"", place: ""公明镇"", event: ""公明中学被评为广东省一级学校"", other: """"}""<SEP>""{time: ""未知"", place: ""未知"", event: ""学校被评为广东省一级学校"", other: """"}""<SEP>""{time: ""未知"", place: ""未知"", event: ""学校被评为广东省一级学校"", other: """"}""",3
83,校园欺凌,事件,"""{time: ""y2021"", place: ""未知"", event: ""加大校园欺凌安全教育"", other: """"}""<SEP>""{time: ""y2021"", place: ""未知"", event: ""加大校园欺凌安全教育"", other: """"}""<SEP>""{time: ""未知"", place: ""未知"", event: ""校园欺凌是重点打击的问题"", other: """"}""<SEP>""{time: ""未知"", place: ""未知"", event: ""校园欺凌是重点打击的问题"", other: """"}""",1
84,中科附高,组织名称,"""{place: ""未知"", event: ""中科附高是学校名称"", other: """"}""<SEP>""{place: ""未知"", event: ""中科附高是学校名称"", other: """"}""<SEP>""{time: ""未知"", place: ""深圳市光明区"", event: ""中科附高是合作共建的公办普通高中"", other: """"}""<SEP>""{time: ""未知"", place: ""深圳市光明区"", event: ""中科附高是合作共建的公办普通高中"", other: """"}""",14
85,校风,其他,"""{time: ""未知"", place: ""未知"", event: ""学校的校风是和谐、向上"", other: """"}""<SEP>""{time: ""未知"", place: ""未知"", event: ""学校的校风是和谐、向上"", other: """"}""<SEP>""{time: ""未知"", place: ""未知"", event: ""学校的校风是诚实、勤奋、尊师、守纪"", other: """"}""<SEP>""{time: ""未知"", place: ""未知"", event: ""学校的校风是诚实、勤奋、尊师、守纪"", other: """"}""",1
86,2.7万平方米,面积,"""{time: ""未知"", place: ""未知"", event: ""2.7万平方米是中学项目的占地面积"", other: """"}""",1
87,中考升入高一级学校,事件,"""{time: ""y2003"", place: ""未知"", event: ""毕业生参加中考升入高一级学校"", other: """"}""",1
88,校训,其他,"""{time: ""未知"", place: ""未知"", event: ""学校的校训是文明、有礼、立志、成材"", other: """"}""<SEP>""{time: ""未知"", place: ""未知"", event: ""学校的校训是文明、有礼、立志、成材"", other: """"}""<SEP>""{time: ""未知"", place: ""未知"", event: ""学校的校训是明理、自律"", other: """"}""<SEP>""{time: ""未知"", place: ""未知"", event: ""学校的校训是明理、自律"", other: """"}""",1
89,中级,组织名称,"""{time: ""未知"", place: ""未知"", event: ""中级是职称等级"", other: """"}""",0
90,小学和初中学段,地理位置,"""{time: ""未知"", place: ""未知"", event: ""九年一贯制公办学校涵盖小学和初中学段"", other: """"}""",0
91,公明中学标准运动场,组织名称,"""{time: ""y2001"", place: ""公明镇"", event: ""修建公明中学标准运动场"", other: """"}""",1
92,让学生学会学习、学会做人、学会生活、学会创新,组织名称,"""{time: ""未知"", place: ""未知"", event: ""让学生学会学习、学会做人、学会生活、学会创新是学校的办学目标之一"", other: """"}""",0
93,初中总分第一名,事件,"""{time: ""y2000m11"", place: ""未知"", event: ""学校在田径运动会中获得初中总分第一名"", other: """"}""",1
94,校园生活四季,事件,"""{time: ""未知"", place: ""未知"", event: ""校园生活四季是学生校园系列活动的主题"", other: """"}""",0
95,48个班,人数,"""{time: ""未知"", place: ""未知"", event: ""48个班是中学项目的办学规模"", other: """"}""",1
96,人人有特长、人人能成才、人人会成功,事件,"""{time: ""未知"", place: ""未知"", event: ""学校的办学理念"", other: """"}""",1
97,本科班,组织名称,"""{time: ""y1999"", place: ""公明镇"", event: ""本科班是成人学校的一部分"", other: """"}""",1
98,187名学生,人数,"""{time: ""未知"", place: ""未知"", event: ""初中部八年级有187名学生"", other: """"}""",0
99,7.37万平方米,面积,"""{time: ""未知"", place: ""未知"", event: ""7.37万平方米是中学项目的总建筑面积"", other: """"}""",1
100,展翅翱翔,概念,"""{time: ""未知"", place: ""未知"", event: ""师生展翅翱翔是塘尾小学的精神"", other: """"}""",0
101,全面推进素质教育,事件,"""{time: ""未知"", place: ""未知"", event: ""全面推进素质教育是学校的教育目标"", other: """"}""",1
102,踏踏实实做事，顶天立地做人,事件,"""{time: ""未知"", place: ""未知"", event: ""校训：踏踏实实做事，顶天立地做人"", other: """"}""",0
103,七年级6个班,人数,"""{time: ""未知"", place: ""未知"", event: ""初中部七年级有6个班"", other: """"}""",0
104,2000年11月,时间,"""{time: ""y2000m11"", place: ""公明镇"", event: ""2000年11月公明中学获得宝安第七届中专、中小学生田径运动会初中组总分第一名"", other: """"}""<SEP>""{time: ""y2000m11"", place: ""公明镇"", event: ""2000年11月公明中学获得宝安第七届中专、中小学生田径运动会初中组总分第一名"", other: """"}""<SEP>""{time: ""y2000m11"", place: ""未知"", event: ""2000年11月是学校参加田径运动会的时间"", other: """"}""<SEP>""{time: ""y2000m11"", place: ""田寮村"", event: ""2000年11月是田寮广场开放的时间"", other: """"}""<SEP>""{time: ""y2000m11"", place: ""未知"", event: ""2000年11月是学校参加田径运动会的时间"", other: """"}""<SEP>""{time: ""y2000m11"", place: ""田寮村"", event: ""2000年11月是田寮广场开放的时间"", other: """"}""",1
105,足球,事件,"""{time: ""未知"", place: ""未知"", event: ""足球是学生特色发展项目之一"", other: """"}""",1
106,幸福人生,事件,"""{time: ""未知"", place: ""未知"", event: ""学校以奠基幸福人生为目标"", other: """"}""",0
107,教育投入,事件,"""{time: ""未知"", place: ""公明镇"", event: ""公明镇领导班子加大对教育的投入"", other: """"}""",1
108,尚学知行、正大光明,组织名称,"""{time: ""未知"", place: ""未知"", event: ""尚学知行、正大光明是学校的校训"", other: """"}""",0
109,全寄宿制公办普通高中,组织名称,"""{time: ""未知"", place: ""深圳市光明区"", event: ""全寄宿制公办普通高中"", other: """"}""",1
110,550人,人数,"""{time: ""y2004"", place: ""未知"", event: ""2004年学校有550名学生"", other: """"}""<SEP>""{time: ""y2004"", place: ""未知"", event: ""2004年学校有550名学生"", other: """"}""<SEP>""{time: ""未知"", place: ""塘家村"", event: ""塘家村的户籍人口"", other: """"}""<SEP>""{time: ""未知"", place: ""塘家村"", event: ""塘家村的户籍人口"", other: """"}""",2
111,省一级学校,组织名称,"""{time: ""y2003"", place: ""未知"", event: ""被评为省一级学校"", other: """"}""<SEP>""{time: ""y2003"", place: ""未知"", event: ""被评为省一级学校"", other: """"}""<SEP>""{time: ""未知"", place: ""未知"", event: ""省一级学校是全镇公办学校的一部分"", other: """"}""<SEP>""{time: ""未知"", place: ""未知"", event: ""省一级学校是全镇公办学校的一部分"", other: """"}""",4
112,学风,其他,"""{time: ""未知"", place: ""未知"", event: ""学校的学风是乐学、善思"", other: """"}""<SEP>""{time: ""未知"", place: ""未知"", event: ""学校的学风是乐学、善思"", other: """"}""<SEP>""{time: ""未知"", place: ""未知"", event: ""学校的学风是独立思考、拼搏进取"", other: """"}""<SEP>""{time: ""未知"", place: ""未知"", event: ""学校的学风是独立思考、拼搏进取"", other: """"}""",1
113,第一届700名高一新生,人数,"""{time: ""y2021m09"", place: ""未知"", event: ""第一届700名高一新生入校"", other: """"}""",1
114,守纪,其他,"""{time: ""未知"", place: ""未知"", event: ""守纪是学校的学生学风之一"", other: """"}""<SEP>""{time: ""未知"", place: ""未知"", event: ""守纪是学校的学生学风之一"", other: """"}""<SEP>""{time: ""未知"", place: ""未知"", event: ""守纪是学校的校风之一"", other: """"}""<SEP>""{time: ""未知"", place: ""未知"", event: ""守纪是学校的校风之一"", other: """"}""",0
115,招生开学,事件,"""{time: ""未知"", place: ""未知"", event: ""光明高中园力争年内如期招生开学"", other: """"}""",1
116,光明高中园,组织名称,光明高中园是一个位于光明的重要教育机构，于2021年开始稳步推进其建设。该园不仅是全区最大的学校建设项目，而且还是党群服务阵地的一部分，承担着重要的社会服务功能。光明高中园的建设得到了马田街道的大力支持，并被视为重点项目之一。尽管具体时间不详，但可以确定的是，光明高中园的建设进展顺利，并在2021年已取得显著进展。,9
117,学生成长,事件,"""{time: ""未知"", place: ""未知"", event: ""学生成长是学校关注的重点工程之一"", other: """"}""",1
118,提高授课效率,事件,"""{time: ""未知"", place: ""未知"", event: ""学校努力提高授课效率"", other: """"}""",1
119,校园绿化、美化,设施,"""{time: ""y1998"", place: ""未知"", event: ""校园绿化、美化达到区一级学校水平"", other: """"}""",1
120,成人高考考前辅导班,组织名称,"""{time: ""y1999"", place: ""公明镇"", event: ""成人高考考前辅导班是由公明成校和广东省高校联合开办的"", other: """"}""",1
121,校园网,设施,"""{time: ""y2002m11"", place: ""未知"", event: ""装配完善了校园网"", other: """"}""<SEP>""{time: ""y2002m11"", place: ""未知"", event: ""装配完善了校园网"", other: """"}""<SEP>""{time: ""y2004"", place: ""未知"", event: ""学校设立校园网"", other: """"}""<SEP>""{time: ""y2004"", place: ""未知"", event: ""设立校园网"", other: """"}""<SEP>""{time: ""未知"", place: ""未知"", event: ""校园网是学校的一个设施"", other: """"}""<SEP>""{time: ""y2004"", place: ""未知"", event: ""学校设立校园网"", other: """"}""<SEP>""{time: ""y2004"", place: ""未知"", event: ""设立校园网"", other: """"}""<SEP>""{time: ""未知"", place: ""未知"", event: ""校园网是学校的一个设施"", other: """"}""",1
122,石家社区高中园项目,事件,"""{time: ""y2021m01d20"", place: ""未知"", event: ""石家社区高中园项目工人代表向社区工作站赠送锦旗"", other: """"}""",2
123,书声琅琅振校园,事件,"""{time: ""未知"", place: ""未知"", event: ""书声琅琅振校园"", other: """"}""",1
124,1802人,人数,"""{time: ""未知"", place: ""未知"", event: ""1802人是公明中学的学生人数"", other: """"}""<SEP>""{time: ""未知"", place: ""未知"", event: ""1802人是公明中学的学生人数"", other: """"}""<SEP>""{time: ""未知"", place: ""未知"", event: ""全年图书馆归还人数"", other: """"}""<SEP>""{time: ""未知"", place: ""未知"", event: ""全年图书馆归还人数"", other: """"}""",1
125,以培养学生的学习意识和实践能力为重点,组织名称,"""{time: ""未知"", place: ""未知"", event: ""以培养学生的学习意识和实践能力为重点是学校的办学目标之一"", other: """"}""",0
126,高级教师,人数,"""{time: ""未知"", place: ""未知"", event: ""高级教师人数"", other: """"}""<SEP>""{time: ""未知"", place: ""未知"", event: ""高级教师人数"", other: """"}""<SEP>""{time: ""未知"", place: ""未知"", event: ""高级教师是教师的一种职称"", other: """"}""<SEP>""{time: ""未知"", place: ""未知"", event: ""高级教师是教师的一种职称"", other: """"}""",1
127,93%,百分比,"""{time: ""未知"", place: ""未知"", event: ""升学率达到93%"", other: """"}""<SEP>""{time: ""未知"", place: ""未知"", event: ""升学率达到93%"", other: """"}""<SEP>""{time: ""未知"", place: ""未知"", event: ""头盔佩戴率提升到93%"", other: """"}""<SEP>""{time: ""未知"", place: ""未知"", event: ""头盔佩戴率提升到93%"", other: """"}""",1
128,上学难,事件,"""{time: ""未知"", place: ""未知"", event: ""上学难是群众面临的问题之一"", other: """"}""",1
129,电脑,设备,"""{time: ""未知"", place: ""未知"", event: ""电脑是学校的一个设备"", other: """"}""<SEP>""{time: ""未知"", place: ""未知"", event: ""电脑是学校的一个设备"", other: """"}""<SEP>""{time: ""未知"", place: ""未知"", event: ""电脑是街道退役军人服务站的办公设备之一"", other: """"}""<SEP>""{time: ""未知"", place: ""未知"", event: ""电脑是街道退役军人服务站的办公设备之一"", other: """"}""",1
130,室内篮球馆,组织名称,"""{time: ""未知"", place: ""未知"", event: ""学校建有室内篮球馆"", other: """"}""",1
131,文明、守纪、勤奋、活泼,概念,"""{time: ""未知"", place: ""未知"", event: ""塘尾小学的校风"", other: """"}""<SEP>""{time: ""未知"", place: ""未知"", event: ""塘尾小学的校风"", other: """"}""<SEP>""{time: ""未知"", place: ""未知"", event: ""学校的校风是文明、守纪、勤奋、活泼"", other: """"}""<SEP>""{time: ""未知"", place: ""未知"", event: ""文明、守纪、勤奋、活泼是塘尾小学的校风"", other: """"}""<SEP>""{time: ""未知"", place: ""未知"", event: ""学校的校风是文明、守纪、勤奋、活泼"", other: """"}""<SEP>""{time: ""未知"", place: ""未知"", event: ""文明、守纪、勤奋、活泼是塘尾小学的校风"", other: """"}""",1
132,国际化,事件,"""{time: ""未知"", place: ""未知"", event: ""国际化是学校建设的目标之一"", other: """"}""<SEP>""{time: ""未知"", place: ""未知"", event: ""国际化是学校建设的目标之一"", other: """"}""<SEP>""{time: ""未知"", place: ""深圳"", event: ""中大国际创新街区将聚焦国际化"", other: """"}""<SEP>""{time: ""未知"", place: ""深圳"", event: ""中大国际创新街区将聚焦国际化"", other: """"}""",0
133,啊，中心校啊，中心校,组织名称,"""{time: ""未知"", place: ""未知"", event: ""啊，中心校啊，中心校是对中心校的称呼"", other: """"}""",1
134,学有优教,事件,"""{time: ""未知"", place: ""未知"", event: ""学有优教是政府的工作目标"", other: """"}""<SEP>""{time: ""未知"", place: ""未知"", event: ""学有优教是政府的工作目标"", other: """"}""<SEP>""{time: ""未知"", place: ""未知"", event: ""聚焦学有优教"", other: """"}""<SEP>""{time: ""未知"", place: ""未知"", event: ""聚焦学有优教"", other: """"}""",2
135,高中,组织名称,"""{time: ""未知"", place: ""深圳市光明区"", event: ""高中是中科附高的教育阶段"", other: """"}""",0
136,健全人格,事件,"""{time: ""未知"", place: ""未知"", event: ""学校以培养健全人格为目标"", other: """"}""",0
137,标准篮球场,地理位置,"""{time: ""未知"", place: ""未知"", event: ""标准篮球场是学校的设施"", other: """"}""",1
138,学生和学校教职工,个人姓名,"""{time: ""未知"", place: ""未知"", event: ""学生和学校教职工"", other: """"}""",1
139,高品质,事件,"""{time: ""未知"", place: ""未知"", event: ""高品质是学校建设的目标之一"", other: """"}""",0
140,公办普高,组织名称,"""{time: ""未知"", place: ""深圳市光明区"", event: ""中国科学院深圳理工大学附属实验高级中学是一所公办普通高中"", other: """"}""",0
141,百花盛开,自然现象,"""{time: ""未知"", place: ""未知"", event: ""百花在塘尾小学盛开"", other: """"}""<SEP>""{time: ""未知"", place: ""未知"", event: ""百花在塘尾小学盛开"", other: """"}""<SEP>""{time: ""未知"", place: ""未知"", event: ""百花盛开是形容校园的景象"", other: """"}""<SEP>""{time: ""未知"", place: ""未知"", event: ""百花盛开是形容校园的景象"", other: """"}""",3
142,升入重点高中172人,事件,"""{time: ""y2003"", place: ""未知"", event: ""升入重点高中172人"", other: """"}""",1
143,游应寿,个人姓名,"""{time: ""未知"", place: ""未知"", event: ""游应寿是历任校长之一"", other: """"}""",0
144,新围旧中学,组织名称,"""{time: ""未知"", place: ""未知"", event: ""新围旧中学是城中村片区之一"", other: """"}""",1
145,1项,人数,"""{time: ""未知"", place: ""未知"", event: ""学校获得的国家级奖项数量"", other: """"}""<SEP>""{time: ""未知"", place: ""未知"", event: ""学校获得的国家级奖项数量"", other: """"}""<SEP>""{time: ""未知"", place: ""未知"", event: ""学校获得的省级奖项数量"", other: """"}""<SEP>""{time: ""未知"", place: ""未知"", event: ""学校获得的省级奖项数量"", other: """"}""",1
